title,company,location,job_url,description,source,posted_date,salary_range
Application Developer (Mid Level .NET Full Stack),nan,"Remote, US",https://www.indeed.com/viewjob?jk=34e68ade8d7bcec0,"**Need US Citizen**

**Job Title: Full-Stack .NET Application DeveloperLocation: RemotePosition OverviewWe are seeking a collaborative and adaptable Full-Stack .NET Application Developer to join the Custom Applications Development Team within the IT department at NRECA. This role focuses on designing, developing, implementing, maintaining, and supporting custom applications while working in an Agile, team-oriented environment that values continuous learning and improvement.Must-Have Skills**

* ",Indeed,2026-02-16,direct_data
Application Developer (Mid Level .NET Full Stack),MAAScotech,nan,https://www.glassdoor.com/job-listing/j?jl=1010035208006,nan,Glassdoor,2026-02-16,direct_data
Application Security Tooling Engineer (Senior) – SECRET CLEARANCE REQUIRED – 100% Remote (EST hours,Cornerstone Technology Enterprises,"Remote, US",https://www.indeed.com/viewjob?jk=39b8d5af8ef3abb9,"**Job Title:** Application Security Tooling Engineer (Senior)

**Location:** Remote

**Clearance Required:** Active Secret

**Employment Type:** Full-Time

**Overview**

Cornerstone Technology Enterprises is seeking a Senior Application Security Tooling Engineer to support mission-critical cybersecurity operations for our government customer. This senior-level role serves as the technical lead and platform owner for Application Security (AppSec) scanning and tooling, providing hands-on engineeri",Indeed,2026-02-16,direct_data
Lead Software Engineer,nan,"Remote, US",https://www.indeed.com/viewjob?jk=6297a7548bc94b01,"We're building Backstroke - AI-powered email marketing for ecommerce brands.

Right now, creating one email campaign takes brands many hours and involves many people. Strategy, design, copy, development, QA, approvals - it's slow, expensive, and leaves no time for the stuff that actually matters: testing, personalization, learning.

We're rebuilding this from the ground up. Our platform generates complete, on-brand campaigns in minutes, with experimentation and personalization built in by defaul",Indeed,2026-02-16,direct_data
STEAM Trainer,Aviotron Aerospace Private Limited,"Remote, US",https://www.indeed.com/viewjob?jk=42c4f068ac9077f2,"**Job description: STEAM Product Engineer**

This position is a teaching/training K-12 school students in the field of STEM/STEAM

(Science, Technology, Engineering, Arts and Mathematics) education and experiential

learning. The ideal candidate must be confident in dealing, mentoring, motivating and

teaching school students to build aptitude toward STEM/STEAM learning and manage a

full-fledged STEM lab in an educational institute.

About us: Aviotron Aerospace, is a premier Ed-Tech organizati",Indeed,2026-02-16,direct_data
Fresher Trainee (BE/B.Tech-IT)Java/Golang - Fresher Full time - Remote - WFH,KloudOne,"Remote, US",https://www.indeed.com/viewjob?jk=bcd9f1442f249582,"**Looking for Java/Golang Trainees - B.E / B.Tech / MCA - Computer science Candidates Only.**

**First 6 months will be 10k stipend. Once confirmed based on your performance your salary will be revised.**

(Developers with **,**

**Backend Skills: C,C++, Java, Golang, Python, PHP, Frameworks, Data Structures and Algorithms, Servers APIs, problem solving skills**

Good to have...  
\* Aptitude and logical reasoning.  
\* Problem solving skills.

Mandate :

\* Should be a quick learner.

\* Should",Indeed,2026-02-16,nan
App Developer & Technical Support Executive,Heaven Holistic Wellness,"Remote, US",https://www.indeed.com/viewjob?jk=7edc1b0f4bb13aa1,"**About the Role**  
We are seeking a motivated **Cross-Platform App & Web Developer / Technical Executive** to join our team. In this role, you will be responsible for developing and maintaining mobile applications and websites, providing technical support, and ensuring smooth system integration across platforms. The ideal candidate is tech-savvy, solutions-driven, and eager to grow within a dynamic company—preferably with experience in the transportation industry.

**Preferred Skills**

* Stro",Indeed,2026-02-16,nan
Senior Staff Software Engineer,R1 RCM,"Remote, US",https://www.indeed.com/viewjob?jk=81abe4fe25d23165,"**Location:** Remote, US

**Travel:** Candidates must be available for an in-person interview in Austin, TX. The role requires occasional travel, amounting to less than 10%.

R1 is the leading provider of technology-driven solutions that transform the patient experience and financial performance of hospitals, health systems, and medical groups. We are the one company that combines the deep expertise of a global workforce of revenue cycle professionals with the industry’s most advanced technology",Indeed,2026-02-16,direct_data
Senior Front-End Engineer with React and Next.js,Enhancv,"Remote, US",https://www.indeed.com/viewjob?jk=e5d0781eaf5106d1,"We are seeking a highly motivated and experienced Senior Front-End Engineer specializing in React and Next.js to join our dynamic development team. In this role, you will lead the creation of innovative, responsive, and user-centric web applications that deliver exceptional digital experiences. Your expertise will drive the development of scalable front-end solutions, ensuring seamless integration with back-end services and adherence to best practices in UI/UX design. This position offers an exc",Indeed,2026-02-16,direct_data
Appian Developer,PROLIM Corporation,"Remote, US",https://www.indeed.com/viewjob?jk=4e73b933813caf32,"**I. DESCRIPTION OF SERVICES**  
We are looking for an Appian Certified Developer with to design and deploy business applications using Appian’s low-code platform. Responsibilities include developing SAIL interfaces, integrating APIs, and collaborating with teams to ensure efficient delivery. Candidates should have a strong technical foundation, Agile experience, and a proactive problem-solving mindset. Appian Developer Certification is strongly preferred.  
NOTE: Vendor must verify Level 2 cert",Indeed,2026-02-16,direct_data
Senior Front-End Engineer with React and Next.js,Enhancv,nan,https://www.glassdoor.com/job-listing/j?jl=1010035220382,"We are seeking a highly motivated and experienced Senior Front-End Engineer specializing in React and Next.js to join our dynamic development team. In this role, you will lead the creation of innovative, responsive, and user-centric web applications that deliver exceptional digital experiences. Your expertise will drive the development of scalable front-end solutions, ensuring seamless integration with back-end services and adherence to best practices in UI/UX design. This position offers an exc",Glassdoor,2026-02-16,direct_data
Microsoft Power Pages Developer,HYERTEK INC,United States,https://www.glassdoor.com/job-listing/j?jl=1010034392685,nan,Glassdoor,2026-02-16,direct_data
Senior Staff Software Engineer,"R1 RCM, Inc.",nan,https://www.glassdoor.com/job-listing/j?jl=1010034860084,nan,Glassdoor,2026-02-16,direct_data
Lead Software Engineer,Backstroke,nan,https://www.glassdoor.com/job-listing/j?jl=1010035168399,"We're building Backstroke - AI-powered email marketing for ecommerce brands.

Right now, creating one email campaign takes brands many hours and involves many people. Strategy, design, copy, development, QA, approvals - it's slow, expensive, and leaves no time for the stuff that actually matters: testing, personalization, learning.

We're rebuilding this from the ground up. Our platform generates complete, on-brand campaigns in minutes, with experimentation and personalization built in by defaul",Glassdoor,2026-02-16,direct_data
Sr. Software Engineer,Concentrix,"Cincinnati, OH",https://www.glassdoor.com/job-listing/j?jl=1010034720565,"Job Title:

Sr. Software Engineer

Job Description

Concentrix CVG Customer Management Group Inc., Cincinnati OH, has multiple openings for the position of Sr. Software Engineer. Work will be performed in various unanticipated locations throughout the U.S. Ability to travel and/or relocate is required. Telecommuting may be permitted.

The Sr. Software Engineer will be responsible for designing developing and maintaining high-quality software solutions using front end and backend technologies. Co",Glassdoor,2026-02-16,direct_data
Senior .Net Full-Stack Developer - Code Review & Architecture Oversight,SQUID ERP,"Remote, US",https://www.indeed.com/viewjob?jk=2d87a4fe0e5e66fa,"**Senior Full-Stack Developer (Code Review Focus)**

**Employment Type:** Part-Time, Contract **Hours:** 15–20 hours per week **Schedule:** Flexible — asynchronous work with occasional overlap for discussions **Location:** 100% Remote **Industry:** Enterprise Order Management / ERP Software **Start Date:** Immediately

**About Us**

We are a growing software company building a comprehensive Enterprise Order Management System (OMS/ERP) used by businesses to manage sales orders, purchase orders, i",Indeed,2026-02-15,nan
Senior Software Engineer,First Fed,"Remote, US",https://www.indeed.com/viewjob?jk=6697792b3e3ec702,"**Who We Are**

First Fed is a local community bank on an exciting growth trajectory with 17 locations including 12 full-service branches in Western Washington. First Fed was recognized by the Puget Sound Business Journal as a Best Workplace and a Top Corporate Philanthropist. By popular vote, First Fed received awards for Best Bank in *The Best of the Northwest*, Best Banker in *Readers’ Choice* by Cascadia Daily News, and Peninsula Daily News named us B*est Bank on the Olympic Peninsula*. We a",Indeed,2026-02-15,description
Developer Advocate East Coast (Remote),Applitools,"Remote, US",https://www.indeed.com/viewjob?jk=e58956260f734a40,"Remote job

#### **Job Description**

As a Developer Advocate at Applitools, you will serve as both a technical voice for the product externally and the voice of developers internally. You’ll help developers solve real-world software testing challenges, with a strong focus on modern test automation tools and practices, while accelerating adoption of the Applitools platform. You’ll build strong relationships within the software engineering and QA communities by creating technical content, speakin",Indeed,2026-02-15,nan
Frontend Engineer,AlphaX,nan,https://www.glassdoor.com/job-listing/j?jl=1010033967275,"**About the Company:**  
We’re building next-generation distributed observability and multi-cloud intelligence software for AI-driven systems. Our platform helps engineering teams monitor, debug, and optimize complex workloads running across regions, cloud providers, and heterogeneous compute environments.
  
  
Operating at the intersection of distributed systems, AI infrastructure, and real-time analytics, we are focused on delivering a powerful yet intuitive user experience that makes highly ",Glassdoor,2026-02-15,direct_data
"Software Engineer, Machine Learning",Meta,nan,https://www.glassdoor.com/job-listing/j?jl=1009913518790,"Meta is seeking talented engineers to join our teams in building cutting-edge products that connect billions of people around the world. As a member of our team, you will have the opportunity to work on complex technical problems, build new features, and improve existing products across various platforms, including mobile devices and web applications. Our teams are constantly pushing the boundaries of user experience, and we're looking for passionate individuals who can help us advance the way p",Glassdoor,2026-02-15,direct_data
React Software Developer (Part-Time),Aretum,"McLean, VA",https://www.glassdoor.com/job-listing/j?jl=1010033428158,nan,Glassdoor,2026-02-14,direct_data
Software Engineer III,Aflac,nan,https://www.glassdoor.com/job-listing/j?jl=1010033233277,nan,Glassdoor,2026-02-14,direct_data
Software Engineer,Microsoft,,https://www.linkedin.com/jobs/view/4343237438,None,Linkedin,2026-02-14,None
Fullstack Software Engineer,Warner Music Group,"Toronto, Ontario, Canada",https://www.linkedin.com/jobs/view/4364129154,None,Linkedin,2026-02-14,None
"Software Engineer, Member (Web)",SoFi,"Orange County, CA",https://www.linkedin.com/jobs/view/4365139502,None,Linkedin,2026-02-14,None
Junior Software Engineer (Turkey),Sezzle,,https://www.linkedin.com/jobs/view/4346705101,None,Linkedin,2026-02-14,None
"Junior Software Developer, Backend",Hootsuite,"Vancouver, British Columbia, Canada",https://www.linkedin.com/jobs/view/4372968018,None,Linkedin,2026-02-14,None
"Junior Software Developer, Backend",Hootsuite,"British Columbia, Canada",https://www.linkedin.com/jobs/view/4372953782,None,Linkedin,2026-02-14,None
Junior Software Engineer (Mexico),Sezzle,"Mexico City, Mexico",https://www.linkedin.com/jobs/view/4364927008,None,Linkedin,2026-02-14,None
"Junior Software Developer, Backend",Hootsuite,"Ontario, Canada",https://www.linkedin.com/jobs/view/4372962213,None,Linkedin,2026-02-14,None
"Junior Software Developer, Backend",Hootsuite,"Alberta, Canada",https://www.linkedin.com/jobs/view/4372957538,None,Linkedin,2026-02-14,None
Full-Stack Developer,Elder Research Inc,"Remote, US",https://www.indeed.com/viewjob?jk=2f9d1bd55966f942,"**Full Stack Developer**

**General Information**

**Requisition #** 667

**Locations** Remote

**Posting Date** 02-14-2026

**Security Clearance Required** - Must be a US Citizen and be able to obtain and maintain a Public Trust

**Work Type** Remote

**Time Type** Full time

**Description & Requirements**

Elder Research Inc., a wholly owned subsidiary of MANTECH international Corporation seeks a motivated, career and customer-oriented Full-Stack Developer to join our team. This is a remote po",Indeed,2026-02-14,nan
Senior Software Engineer or Team Lead,BHAYAT NGO,"Remote, US",https://www.indeed.com/viewjob?jk=743ab844dc1ac99a,"**Job Summary**

We are seeking an energetic and highly skilled Senior Software Engineer or Team Lead to drive innovative software development initiatives across diverse projects. In this pivotal role, you will lead a talented team of developers, architect scalable solutions, and ensure the delivery of high-quality applications. Your expertise in full-stack development, cloud infrastructure, and modern software practices will empower our organization to stay ahead in a competitive landscape. Thi",Indeed,2026-02-14,nan
Senior Wordpress and Elementor Developer,CPH Silk,"Remote, US",https://www.indeed.com/viewjob?jk=37100d125abc2a51,"**WordPress + Elementor Specialist (Full-Time)**  
We’re looking for a part-time **WordPress + Elementor (Elementor Pro) specialist** to build, improve, and maintain website pages across multiple projects. You’ll work closely with our team to deliver **clean, fast, responsive** pages, fix layout issues quickly, and keep sites running smoothly.

**Responsibilities:**

* Build and update pages in **WordPress using Elementor / Elementor Pro**
* Convert **Figma designs** (or strong reference example",Indeed,2026-02-14,nan
Flutter Developer,Truediet4me,"Remote, US",https://www.indeed.com/viewjob?jk=c15e414cb2b1b0f5,"We are looking for a highly skilled and motivated Flutter Developer to join our team remotely. As a Flutter Developer, you will be responsible for designing and developing mobile applications for iOS and Android platforms. The ideal candidate should have strong experience with Flutter, Dart, and a passion for creating high-quality, cross-platform mobile apps. \*\*Key Responsibilities:\*\* - Develop, test, and deploy high-quality mobile applications using Flutter. - Collaborate with cross-functio",Indeed,2026-02-14,nan
Senior Programmer – Oncology,SIMULSTAT INC,"Remote, US",https://www.indeed.com/viewjob?jk=bbbcc9b3e4ed318d,The senior programmer will be responsible for manipulating large databases and generating reports to enable analysts to explore real world healthcare data assets. Candidates must have excellent SAS and SQL programming skills and the ability to implement complex logic. Candidates must be comfortable with creating complex analysis data sets derived from various data sources with a careful eye for outliers and errors. Prior experience building patient cohorts and evaluating patient healthcare event,Indeed,2026-02-14,nan
Frontend Engineer,AlphaX,"Remote, US",https://www.indeed.com/viewjob?jk=1f9e513719ed2852,"**About the Company:**  
We’re building next-generation distributed observability and multi-cloud intelligence software for AI-driven systems. Our platform helps engineering teams monitor, debug, and optimize complex workloads running across regions, cloud providers, and heterogeneous compute environments.
  
  
Operating at the intersection of distributed systems, AI infrastructure, and real-time analytics, we are focused on delivering a powerful yet intuitive user experience that makes highly ",Indeed,2026-02-14,direct_data
Software Engineer (C# .NET Framework/SQL Server) - Digitech - Remote,"Sarnova HC, LLC","Remote, US",https://www.indeed.com/viewjob?jk=a016e52306daeda1,"Company Overview:

The Sarnova Family of companies includes Digitech Computer, Bound Tree Medical, Tri-anim Health Services and Cardio Partners.

Digitech is a leading provider of advanced billing and technology services to the EMS transport industry. Digitech leverages its proprietary technology to offer fully outsourced services that maximize collections, protect compliance, and deliver results for clients.

Responsibilities and Qualifications:

**Job Summary:**

This role focuses on supportin",Indeed,2026-02-14,nan
Senior DevOps / Infrastructure Engineer,AlphaX,"Remote, US",https://www.indeed.com/viewjob?jk=8d3e811b77495126,"**About the Company:**  
We are building distributed observability and multi-cloud intelligence software for modern AI and data-intensive systems. Our platform enables engineering teams to monitor, debug, and optimize workloads operating across regions, cloud providers, and heterogeneous compute environments.
  
Reliability, performance, and operational clarity are foundational to our product. Infrastructure is not a support layer — it is core to what we deliver.
  
We are a small, senior engine",Indeed,2026-02-14,direct_data
Software Engineer (C# .NET Core/SQL Server) - Digitech - Remote,"Sarnova HC, LLC","Remote, US",https://www.indeed.com/viewjob?jk=773433022552f4a8,"Company Overview:

The Sarnova Family of companies includes Digitech Computer, Bound Tree Medical, Tri-anim Health Services and Cardio Partners.

Digitech is a leading provider of advanced billing and technology services to the EMS transport industry. Digitech leverages its proprietary technology to offer fully outsourced services that maximize collections, protect compliance, and deliver results for clients.

Responsibilities and Qualifications:

**Job Summary:**

This role focuses on designing",Indeed,2026-02-14,nan
Software Engineer I,Murj,"Santa Cruz, CA",https://www.glassdoor.com/job-listing/j?jl=1010033547393,"**At Murj, we do what we love and love what we do!**

Murj was founded in 2014 to solve a problem witnessed first-hand. Founder and CEO, Todd, worked with cardiology practices as an implantable cardiac device sales representative for Medtronic. He watched clinicians struggle to manage these sophisticated devices using outdated and inadequate tools. Having previously worked in product management at Apple, Todd knew that brilliant design can profoundly impact the user experience - so why not desig",Glassdoor,2026-02-14,direct_data
Full Stack Developer,"Stride, Inc.",nan,https://www.glassdoor.com/job-listing/j?jl=1010033485983,"Job Description

We are seeking a highly motivated Full Stack Developer to join our team to create and maintain school websites. The ideal candidate will be responsible for developing and maintaining headless cms/WordPress-based websites for schools, ensuring that the websites are user-friendly, visually appealing, and easy to navigate. The role will involve collaborating with school administrators, teachers, and IT staff to develop and implement website features and functionalities that support",Glassdoor,2026-02-14,direct_data
Software Developer Mid or Senior,Progressive,nan,https://www.glassdoor.com/job-listing/j?jl=1010033785555,nan,Glassdoor,2026-02-14,direct_data
"Software Engineer, Full Stack",GoFan,nan,https://www.glassdoor.com/job-listing/j?jl=1010033610429,nan,Glassdoor,2026-02-14,nan
Duck Creek Developer Mid or Senior,Progressive,nan,https://www.glassdoor.com/job-listing/j?jl=1010033785538,nan,Glassdoor,2026-02-14,direct_data
Junior DevOps / AWS Cloud Engineer,FantasyPros,nan,https://www.glassdoor.com/job-listing/j?jl=1010033334020,nan,Glassdoor,2026-02-14,direct_data
"Junior Software Developer, Backend",Hootsuite,"Toronto, Ontario, Canada",https://www.linkedin.com/jobs/view/4372959459,None,Linkedin,2026-02-14,None
Associate Manager Software Engineering,DXC Technology,"Remote, US",https://www.indeed.com/viewjob?jk=392c8db7adafa320,"**Job Description:**

* **Essential Job Functions:**

  + Contribute to software development projects by writing, testing, and debugging code, with an emphasis on complex and critical components.
  + Collaborate with team members to meet project requirements, actively participating in design and code reviews.
  + Provide technical expertise and support to team efforts, acting as a subject matter expert in specific domains.
  + Assist in solving complex technical challenges, researching and propo",Indeed,2026-02-13,direct_data
AWS Software Developer – App Mod/App Dev,Cloudelligent,"Remote, US",https://www.indeed.com/viewjob?jk=031f2ed3620d46a5,"**Position Title** : AWS Software Developer – App Mod/App Dev  
**Employment Time:** Full-Time

*This Is a fully remote position with travel required.*

**About Cloudelligent**

Cloudelligent is an AWS Premier Consulting Partner helping organizations modernize, migrate, and innovate in the cloud. We work at the intersection of cloud, data, and AI to solve real business problems and not just implement technology. With an international footprint, Cloudelligent is customer-obsessed and focuses on G",Indeed,2026-02-13,nan
Ruby on Rails Developer-REMOTE,Aztec Software,"Remote, US",https://www.indeed.com/viewjob?jk=2defa9e2ac26d406,"**About Us:**

iGrad, a division of Aztec Software, is an award-winning financial literacy platform provider that empowers students, employees, and individuals to make informed financial decisions and achieve their financial goals. Through the iGrad and Enrich product lines, iGrad has helped millions of people improve their financial well-being through its engaging and interactive courses, personalized coaching, and comprehensive resources.

JOB SUMMARY: We are seeking an experienced **Ruby on R",Indeed,2026-02-13,direct_data
Full Stack Developer,"Stride, Inc.","Remote, US",https://www.indeed.com/viewjob?jk=b4b4560a665ef40d,"Job Description

We are seeking a highly motivated Full Stack Developer to join our team to create and maintain school websites. The ideal candidate will be responsible for developing and maintaining headless cms/WordPress-based websites for schools, ensuring that the websites are user-friendly, visually appealing, and easy to navigate. The role will involve collaborating with school administrators, teachers, and IT staff to develop and implement website features and functionalities that support",Indeed,2026-02-13,direct_data
Senior Salesforce Developer/Agentforce,Concentrix,"Remote, US",https://www.indeed.com/viewjob?jk=33e6c1f7418d2700,"Job Title:

Senior Salesforce Developer/Agentforce

Job Description

We're Concentrix. The intelligent transformation partner. Solution-focused. Tech-powered. Intelligence-fueled.
  
  
The global technology and services leader that powers the world’s best brands, today and into the future. We’re solution-focused, tech-powered, intelligence-fueled. With unique data and insights, deep industry expertise, and advanced technology solutions, we’re the intelligent transformation partner that powers a",Indeed,2026-02-13,direct_data
Mgr Software Dev,CSG,"Remote, US",https://www.indeed.com/viewjob?jk=04e7463f0f80e780,"Hi, I'm

Martha Garces

,

your Recruiter and guide to joining CSG! We are excited to learn more about you and your unique background.  
  
The Software Development Manager will lead and manage a team of technical analysts. This role requires a strong leader who can foster innovation, drive agile processes, and ensure the successful execution of projects while embodying CSG's leadership principles.

We are looking for a Software Development Manager who will:

* Lead and manage a team of technica",Indeed,2026-02-13,direct_data
Microsoft Dynamics 365 Developer,Technatomy Corporation,"Remote, US",https://www.indeed.com/viewjob?jk=f73b431937060d2f,"At Technatomy, we deliver innovative solutions through the efforts of our diverse and talented people who are dedicated to our customer’s success. We provide solutions to agencies and entities including Veterans Affairs, Department of Defense, Defense Logistics Agency, and National Institute of Health, and more. Everything we do is built on a commitment to do the right thing for our customers, our people, and our community. Our Mission, Vision, and Values guide the way we do business.

**If this",Indeed,2026-02-13,nan
Staff Software Engineer,Indeed,United States,https://www.glassdoor.com/job-listing/j?jl=1010032177835,nan,Glassdoor,2026-02-13,direct_data
Infrastructure Software Engineer II (Remote - US),BNSF Railway,United States,https://www.glassdoor.com/job-listing/j?jl=1010031997795,nan,Glassdoor,2026-02-13,direct_data
React JS Developer,Teknosys,United States,https://www.glassdoor.com/job-listing/j?jl=1010032050057,"Front End Developer (W2 only)

8 to 10 years of experience(H1, GC and USC)

Remote

React JS, Angular JS, Bootstrap, HTML,CSS, Javascript

Java experience is plus

Mobile experience is a plus

Send your resumes to allan@teknosys-inc.com

Job Type: Full-time

Pay: $105,476.02 - $127,024.88 per year

Work Location: Remote",Glassdoor,2026-02-13,direct_data
Junior Full Stack Engineer,RentEngine,nan,https://www.glassdoor.com/job-listing/j?jl=1010032051042,"**Ever rented an apartment?**
-----------------------------

RentEngine makes it faster, easier, and cheaper. Hundreds of leasing teams in 40 states rely on RentEngine every day.

We launched in 2025 and are growing by 20%/month with a lean team of 10. We ship new features daily and announce weekly (rentengine.io/blog (http://rentengine.io/blog))

Now we're hiring to build even faster.

This is a high-growth, high-ownership startup. Everybody is an individual contributor, there are no middle man",Glassdoor,2026-02-13,direct_data
Software Engineer (Remote),Handshake,nan,https://www.glassdoor.com/job-listing/j?jl=1010032515759,"**Opportunity Overview**

Handshake is seeking experienced **Software Engineers** to support AI research through flexible, hourly contract work. This is not a traditional full-time SWE role. You’ll use your real-world software development experience to evaluate AI-generated code and technical content, provide structured feedback, and help improve how AI understands programming tasks, system design, and engineering best practices.

This is an ongoing, project-based opportunity that can be done al",Glassdoor,2026-02-13,direct_data
Software Engineer (Multiple Levels),Parsons,nan,https://www.glassdoor.com/job-listing/j?jl=1010033037602,nan,Glassdoor,2026-02-13,direct_data
Junior Software Engineer (Infrastructure),WellHive,nan,https://www.glassdoor.com/job-listing/j?jl=1010032248383,nan,Glassdoor,2026-02-13,nan
Mainframe Developer,Intone Networks,"Remote, US",https://www.indeed.com/viewjob?jk=b05505729f94a4c7,"Required /Desired Skills: Technical • Proficient in COBOL (maintenance and net-new development). • Proficient in Natural (maintenance and net-new development). • Strong working knowledge of JCL (batch authoring, scheduling handoff, troubleshooting). • Experience with ADABAS and DB2 (queries, data analysis, understanding of performance basics). • Familiarity with Oracle concepts and SQL tooling (e.g., PL/SQL Developer or equivalent). • Comfortable with tools such as QMF, Visio (or equivalents) fo",Indeed,2026-02-13,nan
Software Developer Mid or Senior,Progressive,"Remote, US",https://www.indeed.com/viewjob?jk=792976af39749b22,"Progressive is dedicated to helping employees move forward and live fully in their careers. Your journey has already begun. Apply today and take the first step to Destination: Progress.  
  
As a **mid or senior software developer** in our Claims IT organization, you'll contribute to developing scalable, cloud-based solutions as part of the Service Assignment for Reps (SAR) team. As part of this team, you'll be developing and enhancing technology solutions supporting a robust business agenda lev",Indeed,2026-02-13,direct_data
Duck Creek Developer Mid or Senior,Progressive,"Remote, US",https://www.indeed.com/viewjob?jk=30b35244eee84b79,"Progressive is dedicated to helping employees move forward and live fully in their careers. Your journey has already begun. Apply today and take the first step to Destination: Progress.  
  
As a **Duck Creek software developer mid or senior** on our IT Commercial Lines team, you'll support our transformation into the latest technology stacks, Agile methodologies, and Lean processes. As part of a dynamic delivery team, you'll support major business initiatives to modernize and transform our plat",Indeed,2026-02-13,direct_data
Senior Software Engineer - Android,Purple Wave Auction,"Remote, US",https://www.indeed.com/viewjob?jk=2c2b7912f660877a,"Purple Wave is looking for a **Senior Software Engineer – Android**. You’ll work on software that directly supports real customers in the field and plays a key role in how equipment gets listed, captured, and sold through our auction platform. If you like building practical tools, improving systems over time, and owning meaningful technical work, this role is for you.

  

**Interested?** Apply today and help shape the future of Purple Wave’s Android applications.

  

The **Senior Software Engi",Indeed,2026-02-13,direct_data
Principal Software Engineer,Devoted Health,"Remote, US",https://www.indeed.com/viewjob?jk=13395ce38c48efce,"Job Description

*A bit more about this role:*

Technology does amazing things in our daily lives, yet often is a source of pain and confusion within health care. We want to empower Devoted to deliver a world-class member experience with simple, flexible technical systems. If we need to delve into the murky underbelly of health care IT to do that, we’re up for the challenge.  
  
Our north star is not a specific technology, but rather the goal of continually increasing the leverage of every memb",Indeed,2026-02-13,direct_data
Software Engineer,Auria,"Remote, US",https://www.indeed.com/viewjob?jk=13341b762c52a560,"**Auria** is looking to hire a **Software or Systems Engineer** to support the Electromagnetic Battle Management-Joint (EMBM-J) program. This role is remote - Colorado, Washington DC Metro Area or NYC Metro Area preferred

Electromagnetic Battle Management-Joint (EMBM-J) improves communications, navigation and weapons systems by providing U.S. military commanders across all branches the ability to effectively coordinate spectrum while minimizing interference from other systems and maximizing eff",Indeed,2026-02-13,direct_data
Senior Software Engineer (Backend) - PHP,Commerce,"Remote, US",https://www.indeed.com/viewjob?jk=1ef8e1c5027c70c0,"**Welcome to the Agentic Commerce Era**
=======================================

At Commerce, our mission is to empower businesses to innovate, grow, and thrive with our open, AI-driven commerce ecosystem. As the parent company of BigCommerce , Feedonomics , and Makeswift , we connect the tools and systems that power growth, enabling businesses to unlock the full potential of their data, deliver seamless and personalized experiences across every channel, and adapt swiftly to an ever-changing mar",Indeed,2026-02-13,direct_data
Full Stack Software Engineer - Remote (Canada / Latam),Reacher,"Remote, US",https://www.indeed.com/viewjob?jk=5bcbc9ff78a17980,"**About Reacher**
=================

Reacher is a YC backed AI SaaS platform building the operating system for TikTok Shop brands and creators. We’re backed by Y Combinator, Pioneer Fund, Rebel Fund, and operators including Steve Huffman (CEO of Reddit), Matteo Franceschetti (CEO of Eight Sleep), Theo Browne (t3.gg), Kulveer Taggar (Zeus Living), and Jake Mintz (Bump). We have years of runway and are scaling fast with some of the biggest brands in the world (UnderArmour, Hanes, Logitech, Goli)

",Indeed,2026-02-13,direct_data
AI Specialist - Senior Fullstack Engineer,Solera,"Remote, US",https://www.indeed.com/viewjob?jk=1328c7b0319e2043,"Who We Are

Solera is a global leader in data and software services that strives to transform every touchpoint of the vehicle lifecycle into a connected digital experience. In addition, we provide products and services to protect life’s other most important assets: our homes and digital identities. Today, Solera processes over 300 million digital transactions annually for approximately 235,000 partners and customers in more than 90 countries. Our 6,500 team members foster an uncommon, innovative",Indeed,2026-02-13,nan
"Principal Software Engineer, Machine Learning Simulations",Upstart,"Remote, US",https://www.indeed.com/viewjob?jk=dd68be6777b81d75,"**About Upstart**

At Upstart, we’re united by a mission that matters: to radically reduce the cost and complexity of borrowing for all Americans. Every day, we bring creativity, experimentation, and advanced AI to reshape access to credit, helping millions move forward financially with clarity and confidence.

As the leading AI lending marketplace, we partner with banks and credit unions to expand access to affordable credit through technology that’s both radically intelligent and deeply human.",Indeed,2026-02-13,direct_data
Senior Software Engineer (Backend) - PHP,Commerce,"Remote, US",https://www.indeed.com/viewjob?jk=7d094abbe2362387,"**Welcome to the Agentic Commerce Era**
=======================================

At Commerce, our mission is to empower businesses to innovate, grow, and thrive with our open, AI-driven commerce ecosystem. As the parent company of BigCommerce , Feedonomics , and Makeswift , we connect the tools and systems that power growth, enabling businesses to unlock the full potential of their data, deliver seamless and personalized experiences across every channel, and adapt swiftly to an ever-changing mar",Indeed,2026-02-13,direct_data
"Software Engineer, Full Stack",GoFan,"Remote, US",https://www.indeed.com/viewjob?jk=29a40319f5fdd72b,"MaxPreps, a division of PlayOn Sports, is America’s Source for High School Sports — connecting fans, athletes, and communities through the stories and highlights that define local sports culture.

We are looking for a Full Stack Software Engineer to contribute to the development, maintenance, and enhancement of user-facing, SEO-optimized web applications that support advertising initiatives and are enjoyed by millions of high school sports fans across the country. This engineer will work closely",Indeed,2026-02-13,nan
"Senior Software Engineer, Frontend, HQ",GoFan,"Remote, US",https://www.indeed.com/viewjob?jk=5baa5c74d3561894,"PlayOn is looking for a Senior Frontend Engineer who can own complex user-facing experiences across our HQ web application and expanding mobile surface area. The HQ team builds the core administrative and operational workflows that power schools, partners, and internal teams across our ecosystem. As our frontend grows in scale and complexity, we need strong architectural leadership to increase modularity, improve performance.

  

Our frontend is a TypeScript-first React application, organized a",Indeed,2026-02-13,nan
Senior Software Engineer - iOS,Purple Wave Auction,"Remote, US",https://www.indeed.com/viewjob?jk=97f00b4a751a116e,"Purple Wave is looking for a **Senior Software Engineer – iOS**. You’ll work on software that directly supports real customers in the field and plays a key role in how equipment gets listed, captured, and sold through our auction platform. If you like building practical tools, improving systems over time, and owning meaningful technical work, this role is for you.

  

**Interested?** Apply today and help shape the future of Purple Wave’s iOS applications.

  

The **Senior Software Engineer - i",Indeed,2026-02-13,direct_data
Senior Conversational AI Developer,The Cigna Group,"Remote, US",https://www.indeed.com/viewjob?jk=2ee6857b2fb443bd,"We’re looking for a Senior Conversational AI Developer to build and support voice, chat, and text solutions that improve the customer experience. This role is part of a large enterprise transformation supporting multiple lines of business.

**Responsibilities:**

* Build, test, and support Conversational AI and IVR applications
* Design simple, user‑friendly voice and digital experiences
* Collaborate with business, design, and technology teams
* Write high‑quality code and support applications ",Indeed,2026-02-13,direct_data
"Lead Software Engineer, Full Stack",GrowthZone,"Remote, US",https://www.indeed.com/viewjob?jk=9e3eb4842b72c174,"**Company Overview**  
At GrowthZone, your mission is our mission. We wake up every day to serve our customers—building modern, all-in-one software that empowers associations to grow faster, engage members more deeply, and operate more efficiently. As a trusted technology partner, we’re committed to helping membership-based organizations—chambers, trade associations, and nonprofits—amplify their impact through smart, scalable solutions. With thousands of customers across North America, GrowthZon",Indeed,2026-02-13,nan
Senior Software Engineer,Auria,"Remote, US",https://www.indeed.com/viewjob?jk=f5d3e89aa37060e1,"**Auria** is seeking a **Senior Software Engineer** to join our outstanding team in a remote position based in Colorado.

**WHAT YOU CAN EXPECT TO DO:**

* Software Development – Engage in the entire development lifecycle, from requirement analysis to post-production support, ensuring quality and consistency.
* Prototype Development – Develop prototypes and proofs-of-concept as assigned by program management and participate in Agile ceremonies, code reviews, testing, and debugging to maintain hi",Indeed,2026-02-13,direct_data
Release & Configuration Manager (Remote),GovCIO,"Remote, US",https://www.indeed.com/viewjob?jk=84b1be4976acbdb7,"Overview:

GovCIO is seeking a Configuration Manager/Release Manager to support complex federal programs by ensuring disciplined configuration governance, secure release execution, and audit-ready delivery across Agile and DevSecOps environments.

This role is responsible for managing configuration baselines, coordinating software releases, and ensuring compliance with federal security and quality standards while enabling delivery velocity across distributed teams. The candidate will work closel",Indeed,2026-02-13,direct_data
"Engineer II, Test Automation & Quality Assurance",nan,"Remote, US",https://www.indeed.com/viewjob?jk=64764e7371e3c708,"Bellese is a mission-driven Digital Services Company committed to pioneering innovative technology solutions in civic healthcare. Our dedication lies in making a meaningful impact on public health outcomes.

Driven by service design, we strive to know the “Why” to understand the healthcare journey for patients, caregivers, providers, payers, and policymakers. Our goal is to design and build solutions that reduce confusion, provide clarity, support decision making, and streamline the process so t",Indeed,2026-02-13,direct_data
Software Engineer (Oracle Fusion ERP) | Remote,Lifeway Christian Resources,"Remote, US",https://www.indeed.com/viewjob?jk=133b8ea90c119c36,"Overview:

Lifeway is seeking a **Software Engineer (Oracle Fusion ERP)** to implement and support Oracle Cloud Fusion Order Management, with a focus on Order to Cash and Sales Order Management functionality. This role develops integrations, extensions, and custom applications using Oracle Integration Cloud (OIC), Oracle Visual Builder, and Oracle APEX to support order management processes end to end. The Software Engineer collaborates with functional analysts, developers, and business stakehold",Indeed,2026-02-13,nan
Software Engineer (L4) - Resilience Engineering,Netflix,,https://www.linkedin.com/jobs/view/4355269387,None,Linkedin,2026-02-13,None
Software Engineer,Handshake,,https://www.linkedin.com/jobs/view/4372194914,None,Linkedin,2026-02-13,None
"Software Engineer, Frontend",Wealthfront,"Palo Alto, CA",https://www.linkedin.com/jobs/view/4321816786,None,Linkedin,2026-02-13,None
"Software Engineer, Frontend",Wealthfront,"San Francisco, CA",https://www.linkedin.com/jobs/view/4321796922,None,Linkedin,2026-02-13,None
Software Engineer,Microsoft,,https://www.linkedin.com/jobs/view/4365391732,None,Linkedin,2026-02-13,None
AWS Cloud Engineer,Ensign Services,"Remote, US",https://www.indeed.com/viewjob?jk=0bf6b0e5523fa93c,"**AWS Cloud Engineer**

**Location:** San Juan Capistrano, CA (Onsite)

**Compensation:** $120,000 – $155,000 (DOE)

**Status:** Full-Time, Exempt

**About the Company:**  
Ensign Services, Inc. (“ESI”) is a subsidiary of The Ensign Group, Inc. whose affiliated entities are considered national leaders in the fast-growing post-acute care industry. ESI provides service and support to over 378 facilities in the long-term care continuum that employ over 55,000 employees.

ESI is known as the “Servic",Indeed,2026-02-13,direct_data
"Software Engineer, Device Hardware",Flock Safety,United States,https://www.glassdoor.com/job-listing/j?jl=1010030925608,nan,Glassdoor,2026-02-12,direct_data
Junior Web Developer,Honest Digital,,https://www.linkedin.com/jobs/view/4364113144,None,Linkedin,2026-02-12,None
Software Engineer,Microsoft,,https://www.linkedin.com/jobs/view/4371847705,None,Linkedin,2026-02-12,None
Software Developer (Remote),Mind Friend PRO,"Houston, TX",https://www.glassdoor.com/job-listing/j?jl=1010030843812,nan,Glassdoor,2026-02-12,direct_data
Senior Software Engineer,Intone Networks,nan,https://www.glassdoor.com/job-listing/j?jl=1010031188288,nan,Glassdoor,2026-02-12,nan
Software QA Engineer 1,Enlyte,nan,https://www.glassdoor.com/job-listing/j?jl=1010031111540,nan,Glassdoor,2026-02-12,direct_data
Software Engineer II,TruBridge,nan,https://www.glassdoor.com/job-listing/j?jl=1010030896703,nan,Glassdoor,2026-02-12,nan
Software Development Engineer,CSG,nan,https://www.glassdoor.com/job-listing/j?jl=1009918031946,"Hi, I'm

Juhi Banerjee

, your Recruiter and guide to joining CSG! We are excited to learn more about you and your unique background.

CSG is looking for a Software Development Engineer with a focus on web-based technologies to support our scalable Forte payments platform that streamlines the end to end payment journey.

We are looking for a Software Development Engineer who will:

* Create and maintain apps using .net Core, NodeJS, and SQL Server
* Work with project owners to complete issues in",Glassdoor,2026-02-12,direct_data
Junior Developer,Coastal,nan,https://www.glassdoor.com/job-listing/j?jl=1010031088267,"**Junior Developer**

We are looking for a Junior Developer to help us support our continued growth. This role involves creating add-ons and extensions to software, enabling end-users to use Salesforce products more efficiently. The work will entail programming and testing components using the Apex language and Salesforce APIs.
  
  
In this role, we are looking for someone with technical knowledge of the Salesforce platform, and sufficient hands-on experience with basic system administration, s",Glassdoor,2026-02-12,nan
Fullstack Developer (US - ET),Chooose,United States,https://www.glassdoor.com/job-listing/j?jl=1010030788360,"Chooose builds software to enable lower-carbon fuel value chains in hard-to-abate sectors.

Companies like Delta Air Lines, Cathay Pacific, British Airways, and Microsoft use the Chooose platform to build, operate, and scale their sustainable aviation fuel (SAF) programs, and to advance voluntary and compliance carbon management initiatives.

With offices in Miami and Oslo, and remote employees across the US and Europe, Chooose is relentlessly focused on delivering enterprise software products t",Glassdoor,2026-02-12,nan
Software Engineer,Riyom Technologies,nan,https://www.glassdoor.com/job-listing/j?jl=1010031372627,"Contract and Payment Terms

* You will be engaged as an independent contractor.
* This is a fully remote role that can be completed on your own schedule.
* Projects can be extended, shortened, or concluded early depending on needs and performance.
* Your work will not involve access to confidential or proprietary information from any employer, client, or institution.
* Payments are weekly on Stripe or Wise based on services rendered.
* Please note: We are unable to support H1-B or STEM OPT candi",Glassdoor,2026-02-12,direct_data
Software Engineer,What's Next LLC,nan,https://www.glassdoor.com/job-listing/j?jl=1010031341140,nan,Glassdoor,2026-02-12,nan
Software Engineer,Pluralsight,nan,https://www.glassdoor.com/job-listing/j?jl=1010031395630,"Job Description:

Pluralsight is looking for a motivated Mid-Level Ruby on Rails Developer to join the Hands-On Labs Engineering team. While this role is primarily focused on building robust back-end systems, you will be an integral part of a modern stack that values clean code, automated testing, and scalable architecture.

Our team is looking for a candidate who is a Rubyist by trade but a Cloud Architect at heart. You understand that “The Cloud” is not just a place your code lives, but an API",Glassdoor,2026-02-12,direct_data
Software Developer - Front End,BitPay,,https://www.linkedin.com/jobs/view/4372123438,None,Linkedin,2026-02-12,None
"Frontend Software Engineer II, Messaging Platform",Attentive,,https://www.linkedin.com/jobs/view/4372120466,None,Linkedin,2026-02-12,None
Software Engineering - Engineer II,FICO,nan,https://www.glassdoor.com/job-listing/j?jl=1010030643530,"FICO (NYSE: FICO) is a leading global analytics software company, helping businesses in 100+ countries make better decisions. Join our world-class team today and fulfill your career potential!

The Opportunity

*“We are seeking a skilled Frontend Engineer to build and maintain scalable, high-quality Angular components aligned with FICO’s design system. In this role, you’ll contribute to modern, micro-frontend–based user interfaces that enhance the platform user experience. You’ll collaborate clo",Glassdoor,2026-02-11,direct_data
Frontend Web Developer,DataAnnotation,"Rhode Island, United States",https://www.linkedin.com/jobs/view/4309678994,None,Linkedin,2026-02-11,None
Senior Software Developer (Remote),Andromeda Systems Incorporated,"Remote, US",https://www.indeed.com/viewjob?jk=f5be472fbc437775,"Andromeda Systems Incorporated (ASI) is hiring passionate software developers to join our team in developing our web-based application using the latest .Net, Angular, and SQL technologies. **This position is eligible for remote work.**

ASI develops enterprise software used by physical asset managers to keep their equipment and fleets performing at their highest levels. Our customers include the Department of Defense, commercial fleet operators, and industrial facilities. We meet our customers’ ",Indeed,2026-02-11,nan
React Engineer,Trapp Technology,"Phoenix, AZ",https://www.glassdoor.com/job-listing/j?jl=1010030067525,nan,Glassdoor,2026-02-11,direct_data
Software Engineer,SnapStream Media,United States,https://www.glassdoor.com/job-listing/j?jl=1010030423133,nan,Glassdoor,2026-02-11,nan
Software Engineer 1,OpenSesame,nan,https://www.glassdoor.com/job-listing/j?jl=1010029736032,"**About OpenSesame**

OpenSesame is the trusted partner for Workforce Reinvention in the age of AI. OpenSesame delivers integrated software, curated and customizable content, and expert services – embedded into existing learning, HR, and work systems – to help organizations expand their human+AI potential and thrive through change.

Learn more: www.opensesame.com/about

**About the Team**

The Core engineering team is a platform enablement team responsible for OpenSesame's identity management an",Glassdoor,2026-02-11,direct_data
Frontend Web Developer,DataAnnotation,"Michigan, United States",https://www.linkedin.com/jobs/view/4309680942,None,Linkedin,2026-02-11,None
Frontend Web Developer,DataAnnotation,"West Virginia, United States",https://www.linkedin.com/jobs/view/4309687798,None,Linkedin,2026-02-11,None
Software Developer (Remote),MindFriend PRO,"Toronto, Ontario, Canada",https://www.linkedin.com/jobs/view/4371464062,None,Linkedin,2026-02-11,None
Frontend Web Developer,DataAnnotation,"South Carolina, United States",https://www.linkedin.com/jobs/view/4309800022,None,Linkedin,2026-02-11,None
Junior Developer,Coastal,,https://www.linkedin.com/jobs/view/4371475693,None,Linkedin,2026-02-11,None
Frontend Web Developer,DataAnnotation,"New York, United States",https://www.linkedin.com/jobs/view/4309699155,None,Linkedin,2026-02-11,None
Desenvolvedor Frontend Júnior,GCB Investimentos,,https://www.linkedin.com/jobs/view/4371176539,None,Linkedin,2026-02-11,None
Full Stack Software Engineer 5 - Member Experience Core Systems,Netflix,United States,https://www.glassdoor.com/job-listing/j?jl=1010030193313,"At Netflix, our mission is to entertain the world. Together, we are writing the next episode - pushing the boundaries of storytelling, global fandom and making the unimaginable a reality. We are a dream team obsessed with the uncomfortable excitement of discovering what happens when you merge creativity, intuition and cutting-edge technology. Come be a part of what’s next.

The Member Experience Core Systems (MECS) organization is the hub for how over 300 million members find content on Netflix,",Glassdoor,2026-02-11,direct_data
Webflow Developer,Javy Coffee,nan,https://www.glassdoor.com/job-listing/j?jl=1010028506648,nan,Glassdoor,2026-02-10,nan
Software Engineer,NIKE,"Beaverton, OR",https://www.glassdoor.com/job-listing/j?jl=1010028398557,"**Software Engineer****-****NIKE, Inc.****-** **Beaverton****, OR.**Develop, code, configure, and test programs, systems and solutions independently with minimal supervision in order to meet defined digital product specifications; advise product owners on discrete technology-related business problems; formulate options, including assessing their relative merits and risks; create robust advanced analytics and machine learning solutions that have a direct impact on the business; work with product ",Glassdoor,2026-02-10,direct_data
Machine Learning Engineer,TapestryHealth,nan,https://www.glassdoor.com/job-listing/j?jl=1010028644170,nan,Glassdoor,2026-02-10,direct_data
"Software Engineer, R37",Phare Health,,https://www.linkedin.com/jobs/view/4370958351,None,Linkedin,2026-02-10,None
Automation Engineer,NIKE,"Beaverton, OR",https://www.glassdoor.com/job-listing/j?jl=1010028398560,"**Automation Engineer****-****NIKE, Inc.****-** **Beaverton****, OR.**Build the automation scripts for frontend user interface using automation tools; develop the automation framework using a combination of automation tools; develop reusable page objects for various functionalities for applications; develop custom methods and create custom Jenkins pipelines for automation projects; drive end-to-end integration across hundreds of business processes, leveraging a flexible and scalable Enterprise R",Glassdoor,2026-02-10,direct_data
Software Engineer (Contract),Rainier Software Solutions,nan,https://www.glassdoor.com/job-listing/j?jl=1010028767201,"**About Rainier Software Solutions**

Rainier Software Solutions is an engineering firm delivering secure, scalable, and mission-critical software to government and enterprise clients. We bring Silicon Valley engineering excellence to public sector missions, with a team whose experience spans Tesla, Adobe, Snap, T-Mobile, Starbucks, and other industry leaders.

We are not a body shop. We are a principal-led firm that values deep technical skill, clear communication, and ownership over ticket-pun",Glassdoor,2026-02-10,direct_data
Software Engineer,NIKE,"Beaverton, OR",https://www.glassdoor.com/job-listing/j?jl=1010028398554,"Software Engineer - Nike Inc.- Beaverton, OR. Develop, code, configure, and test programs, systems and solutions independently with minimal supervision in order to meet defined digital product specifications. Advise product owners on discrete technology-related business problems. Formulate options, including assessing their relative merits and risks. Create robust and rapid deployment processes that have a direct impact on the business. Work with product owners to determine the best solution. He",Glassdoor,2026-02-10,direct_data
Junior Software Engineer,Swiggy,,https://www.linkedin.com/jobs/view/4370921997,None,Linkedin,2026-02-10,None
"Software Engineer (L4), Privacy Infrastructure Engineering",Netflix,United States,https://www.glassdoor.com/job-listing/j?jl=1010029226289,"At Netflix, our mission is to entertain the world. Together, we are writing the next episode - pushing the boundaries of storytelling, global fandom and making the unimaginable a reality. We are a dream team obsessed with the uncomfortable excitement of discovering what happens when you merge creativity, intuition and cutting-edge technology. Come be a part of what’s next.

**Now is an exciting time to join Netflix as we continue to expand globally and into new products, like games. As we grow, ",Glassdoor,2026-02-10,direct_data
Software Developer,Takt Engineering LLC,nan,https://www.glassdoor.com/job-listing/j?jl=1010028475550,"About the Role

Takt Engineering is seeking a Software Developer to build quick-turnaround UI/UX prototypes and internal tools that support engineering and operations programs. This role is centered on translating workflow needs into functional interfaces fast, then iterating with users until the tool is good enough to unblock work. This is a strong fit for a developer who likes building practical UI/UX quickly.

Job Responsibilities

* Build functional UI/UX prototypes and internal tools that i",Glassdoor,2026-02-10,direct_data
Full Stack Engineer,"Doge Labs, Inc.",United States,https://www.glassdoor.com/job-listing/j?jl=1010028716221,"Develop APIs serving millions players in the fast changing and exciting world of VR gaming.

### **About DLVR**

Design Your Reality. DLVR is an ambitious game lab. We seek to discover what's possible in the world of VR competitive gaming. Founded in 2021, we've remained committed to designing experiences never before seen in VR. The only limit is your imagination.

### **Description**

**About this role**
-------------------

BIG BALLERS VR is the top sports game in the VR world, bringing toget",Glassdoor,2026-02-10,direct_data
Web Developer,Alera Group,"Indianapolis, IN",https://www.glassdoor.com/job-listing/j?jl=1010029120298,"Overview:

Alera Group is looking for a **Web Developer** for our Indianapolis, IN office.

Alera Group was founded in 2017 and has grown to become the 14th largest broker of US business. We are passionate about our clients’ success in the areas of Employee Benefits, Property and Casualty Insurance, Retirement Plan Services, and Wealth Services. With a network of offices nationwide, our commitment to collaboration allows us to offer national resources combined with local service.

Reporting to t",Glassdoor,2026-02-10,direct_data
Web Developer CL (Remote),Core Code io,"Santiago, Santiago Metropolitan Region, Chile",https://www.linkedin.com/jobs/view/4370657760,None,Linkedin,2026-02-10,None
"Full-Stack Tech Lead (Remote, Contract)",INFUSE,,https://www.linkedin.com/jobs/view/4370951750,None,Linkedin,2026-02-10,None
"Full-Stack Tech Lead (Remote, Contract)",INFUSE,,https://www.linkedin.com/jobs/view/4370958572,None,Linkedin,2026-02-10,None
Software Engineer II- Java + Python,Confiz,"San Jose, CA",https://www.linkedin.com/jobs/view/4370923671,None,Linkedin,2026-02-10,None
"Full-Stack Tech Lead (Remote, Contract)",INFUSE,,https://www.linkedin.com/jobs/view/4370964020,None,Linkedin,2026-02-10,None
Junior Software Engineer,Balance Talent,,https://www.linkedin.com/jobs/view/4363014088,None,Linkedin,2026-02-10,None
"Full-Stack Tech Lead (Remote, Contract)",INFUSE,,https://www.linkedin.com/jobs/view/4370954615,None,Linkedin,2026-02-10,None
Full-stack (Node.js/React.js),Altamira,"Warsaw, Mazowieckie, Poland",https://www.linkedin.com/jobs/view/4371034516,None,Linkedin,2026-02-10,None
"Full-Stack Tech Lead (Remote, Contract)",INFUSE,,https://www.linkedin.com/jobs/view/4370952643,None,Linkedin,2026-02-10,None
"Full-Stack Tech Lead (Remote, Contract)",INFUSE,,https://www.linkedin.com/jobs/view/4370959600,None,Linkedin,2026-02-10,None
Full Stack Developer,Ukudala,nan,https://www.glassdoor.com/job-listing/j?jl=1010029616502,nan,Glassdoor,2026-02-10,nan
"Full-Stack Tech Lead (Remote, Contract)",INFUSE,,https://www.linkedin.com/jobs/view/4370956624,None,Linkedin,2026-02-10,None
Software Engineer 1,OpenSesame,"Austin, TX",https://www.linkedin.com/jobs/view/4371200570,None,Linkedin,2026-02-10,None
"Full-Stack Tech Lead (Remote, Contract)",INFUSE,,https://www.linkedin.com/jobs/view/4370963150,None,Linkedin,2026-02-10,None
Semi Senior Python Developer - Remote Work,BairesDev,"Bangalore Urban, Karnataka, India",https://www.linkedin.com/jobs/view/4370684013,None,Linkedin,2026-02-10,None
Software Engineer 5 - TV & Web Player Platform,Netflix,,https://www.linkedin.com/jobs/view/4263512935,None,Linkedin,2026-02-10,None
Desenvolvedor(a) PL/SQL Junior,Vetta,,https://www.linkedin.com/jobs/view/4361867330,None,Linkedin,2026-02-10,None
Desarrollador Python Junior - Trabajo Remoto,BairesDev,,https://www.linkedin.com/jobs/view/4370478607,None,Linkedin,2026-02-09,None
Desarrollador Python Junior - Trabajo Remoto,BairesDev,,https://www.linkedin.com/jobs/view/4370470792,None,Linkedin,2026-02-09,None
Desarrollador Python Junior - Trabajo Remoto,BairesDev,,https://www.linkedin.com/jobs/view/4370469908,None,Linkedin,2026-02-09,None
Desenvolvedor(a) Java Junior,Vetta,,https://www.linkedin.com/jobs/view/4361835999,None,Linkedin,2026-02-09,None
Software Engineer - Training,Samsara,,https://www.linkedin.com/jobs/view/4331761379,None,Linkedin,,None
Advanced Analytics Intern (MS/MBA),Airbnb,United States,https://careers.airbnb.com/positions/7556971?gh_jid=7556971,,Greenhouse,,
"Analyste sur la Qualité, Soutien Prioritaire (Portugais)",Airbnb,Canada,https://careers.airbnb.com/positions/7550112?gh_jid=7550112,,Greenhouse,,
"Analyst, Revenue Forecasting",Airbnb,United States,https://careers.airbnb.com/positions/7540205?gh_jid=7540205,,Greenhouse,,
"Associate Art Direction, Media Operations",Airbnb,"Gurugram, India",https://careers.airbnb.com/positions/7510624?gh_jid=7510624,,Greenhouse,,
 Associé·e aux appels de sécurité,Airbnb,Canada,https://careers.airbnb.com/positions/7590305?gh_jid=7590305,,Greenhouse,,
"Backend Software Engineer, Storefronts",Airbnb,Remote - USA,https://careers.airbnb.com/positions/7572491?gh_jid=7572491,,Greenhouse,,
"Brand Marketing Intern, France",Airbnb,"Paris, France",https://careers.airbnb.com/positions/7563987?gh_jid=7563987,,Greenhouse,,
Business Analyst,Airbnb,Singapore,https://careers.airbnb.com/positions/7543907?gh_jid=7543907,,Greenhouse,,
Business Data Analyst (12 Month FTC),Airbnb,"Paris, France",https://careers.airbnb.com/positions/7455067?gh_jid=7455067,,Greenhouse,,
"Chef de l’Approvisionnement en Logements, Canada",Airbnb,Canada,https://careers.airbnb.com/positions/7326052?gh_jid=7326052,,Greenhouse,,
"Chef d'équipe, Rétablissement de service ",Airbnb,Canada,https://careers.airbnb.com/positions/7534549?gh_jid=7534549,,Greenhouse,,
Claims Experience Specialist(Japanese and English Speaking),Airbnb,Japan,https://careers.airbnb.com/positions/7439746?gh_jid=7439746,,Greenhouse,,
"Communications Intern, France",Airbnb,"Paris, France",https://careers.airbnb.com/positions/7573845?gh_jid=7573845,,Greenhouse,,
"Communications Lead, U.S. Latino",Airbnb,United States ,https://careers.airbnb.com/positions/7571445?gh_jid=7571445,,Greenhouse,,
Community Support BizOps Lead,Airbnb,"Dublin, Ireland",https://careers.airbnb.com/positions/7451784?gh_jid=7451784,,Greenhouse,,
"Creative Production Lead, International (UK)",Airbnb,United Kingdom,https://careers.airbnb.com/positions/7606817?gh_jid=7606817,,Greenhouse,,
CS Delivery Manager,Airbnb,Korea,https://careers.airbnb.com/positions/7256581?gh_jid=7256581,,Greenhouse,,
"Engineering Manager, Ambassador Routing",Airbnb,Remote - USA,https://careers.airbnb.com/positions/7569268?gh_jid=7569268,,Greenhouse,,
"Engineering Manager, Client Products & Emerging Tech",Airbnb,Remote - USA,https://careers.airbnb.com/positions/7522011?gh_jid=7522011,,Greenhouse,,
"Engineering Manager, Cloud Networking (Brazil)",Airbnb,Brazil,https://careers.airbnb.com/positions/7381450?gh_jid=7381450,,Greenhouse,,
"Engineering Manager, Control Plane - Distributed Transactional Database",Airbnb,United States,https://careers.airbnb.com/positions/7525334?gh_jid=7525334,,Greenhouse,,
"Engineering Manager, Guest & Host",Airbnb,"London, United Kingdom",https://careers.airbnb.com/positions/7532824?gh_jid=7532824,,Greenhouse,,
"Engineering Manager, Mobile Quality Engineering ",Airbnb,"São Paulo, Brazil",https://careers.airbnb.com/positions/7434498?gh_jid=7434498,,Greenhouse,,
Engineering Manager - Tax Platform ,Airbnb,United States,https://careers.airbnb.com/positions/7481629?gh_jid=7481629,,Greenhouse,,
Enterprise Accounts Associate,Airbnb,United States ,https://careers.airbnb.com/positions/7588867?gh_jid=7588867,,Greenhouse,,
Fraud & Safety Risk Manager,Airbnb,United States ,https://careers.airbnb.com/positions/7545335?gh_jid=7545335,,Greenhouse,,
"Frontend Engineer, Payments",Airbnb,China,https://careers.airbnb.com/positions/7546721?gh_jid=7546721,,Greenhouse,,
"Growth Marketing Lead, Japan ",Airbnb,"Tokyo, Japan",https://careers.airbnb.com/positions/7590542?gh_jid=7590542,,Greenhouse,,
"Head of Homes Supply, India",Airbnb,"Gurugram, India",https://careers.airbnb.com/positions/7543889?gh_jid=7543889,,Greenhouse,,
"Head of Home Supply, Canada",Airbnb,Canada,https://careers.airbnb.com/positions/7326051?gh_jid=7326051,,Greenhouse,,
Lead Actuary,Airbnb,United States ,https://careers.airbnb.com/positions/7344147?gh_jid=7344147,,Greenhouse,,
"Lead, Advanced Analytics, Community Support",Airbnb,United States,https://careers.airbnb.com/positions/6762224?gh_jid=6762224,,Greenhouse,,
"Lead, Advanced Analytics, Product",Airbnb,United States,https://careers.airbnb.com/positions/7612790?gh_jid=7612790,,Greenhouse,,
"Lead, Advanced Analytics, Trust & Safety",Airbnb,United States,https://careers.airbnb.com/positions/7572674?gh_jid=7572674,,Greenhouse,,
"Lead, Business Process Improvement",Airbnb,United States ,https://careers.airbnb.com/positions/7555757?gh_jid=7555757,,Greenhouse,,
"Lead Experience Designer, International",Airbnb,China,https://careers.airbnb.com/positions/7256544?gh_jid=7256544,,Greenhouse,,
"Lead Influencer, LATAM",Airbnb,"Miami, United States ",https://careers.airbnb.com/positions/7559250?gh_jid=7559250,,Greenhouse,,
"Lead Influencer, LATAM ",Airbnb,"Mexico City, Mexico",https://careers.airbnb.com/positions/7559417?gh_jid=7559417,,Greenhouse,,
"Lead Influencer, LATAM ",Airbnb,"São Paulo, Brazil ",https://careers.airbnb.com/positions/7559420?gh_jid=7559420,,Greenhouse,,
"Legal Intern, Privacy EMEA",Airbnb,"France, Ireland, Italy, Spain, United Kingdom",https://careers.airbnb.com/positions/7594373?gh_jid=7594373,,Greenhouse,,
"Localization Manager, Canada",Airbnb,Canada,https://careers.airbnb.com/positions/7258830?gh_jid=7258830,,Greenhouse,,
"Localization Manager, Canada",Airbnb,Canada,https://careers.airbnb.com/positions/7258829?gh_jid=7258829,,Greenhouse,,
"Manager, Connectivity Partner",Airbnb,United States ,https://careers.airbnb.com/positions/7588811?gh_jid=7588811,,Greenhouse,,
"Manager, Engineering, Guest & Host",Airbnb,"Bangalore, India",https://careers.airbnb.com/positions/7436260?gh_jid=7436260,,Greenhouse,,
"Manager, Field Operations, Northeast",Airbnb,United States,https://careers.airbnb.com/positions/7531129?gh_jid=7531129,,Greenhouse,,
"Manager, Fraud and Safety Investigations Operations",Airbnb,"Gurugram, India",https://careers.airbnb.com/positions/7532782?gh_jid=7532782,,Greenhouse,,
Manager Safety Regional Operations,Airbnb,United States,https://careers.airbnb.com/positions/7347324?gh_jid=7347324,,Greenhouse,,
"Manager, Supply Acquisition (New York City/San Francisco)",Airbnb,United States ,https://careers.airbnb.com/positions/7583179?gh_jid=7583179,,Greenhouse,,
Market Associate,Airbnb,"Paris, France",https://careers.airbnb.com/positions/7535063?gh_jid=7535063,,Greenhouse,,
Market Associate,Airbnb,"London, United Kingdom",https://careers.airbnb.com/positions/7548296?gh_jid=7548296,,Greenhouse,,
"Account Executive, AI Sales",Stripe,"San Francisco, CA",https://stripe.com/jobs/search?gh_jid=7546284,,Greenhouse,,
"Account Executive, AI Sales",Stripe,"San Francisco, CA",https://stripe.com/jobs/search?gh_jid=7532733,,Greenhouse,,
"Account Executive, Benelux - Startups (Dutch Speaking)",Stripe,Amsterdam,https://stripe.com/jobs/search?gh_jid=7423968,,Greenhouse,,
"Account Executive, Bridge",Stripe,San Francisco or New York,https://stripe.com/jobs/search?gh_jid=7547809,,Greenhouse,,
"Account Executive, CEE, Existing Business ",Stripe,Dublin,https://stripe.com/jobs/search?gh_jid=7429465,,Greenhouse,,
"Account Executive, Commercial - DACH",Stripe,Berlin,https://stripe.com/jobs/search?gh_jid=7343686,,Greenhouse,,
"Account Executive, Commercial (Existing Business)",Stripe,"Chicago, IL.",https://stripe.com/jobs/search?gh_jid=7306915,,Greenhouse,,
"Account Executive, Commercial (New Business)",Stripe,Chicago,https://stripe.com/jobs/search?gh_jid=7368883,,Greenhouse,,
Account Executive - Enterprise,Stripe,Mexico City,https://stripe.com/jobs/search?gh_jid=7336750,,Greenhouse,,
"Account Executive, Enterprise ",Stripe,Remote - QC,https://stripe.com/jobs/search?gh_jid=7099651,,Greenhouse,,
"Account Executive, Enterprise - Billing (Existing Business)",Stripe,"Dublin, London",https://stripe.com/jobs/search?gh_jid=7490597,,Greenhouse,,
"Account Executive, Enterprise - Billing (French Speaking)",Stripe,"Paris, London, Dublin OR Berlin",https://stripe.com/jobs/search?gh_jid=7490599,,Greenhouse,,
"Account Executive, Enterprise & Digital Native (Japan)",Stripe,"Tokyo, Japan",https://stripe.com/jobs/search?gh_jid=5539411,,Greenhouse,,
"Account Executive, Enterprise (Existing Business)",Stripe,"San Francisco, CA",https://stripe.com/jobs/search?gh_jid=6755272,,Greenhouse,,
"Account Executive, Enterprise (Existing Business) ",Stripe,"US-Remote, US-San Francisco, US-Chicago, US-New York ",https://stripe.com/jobs/search?gh_jid=7302943,,Greenhouse,,
"Account Executive, Enterprise (Existing Business) AUNZ",Stripe,"Sydney, Australia",https://stripe.com/jobs/search?gh_jid=7618088,,Greenhouse,,
Account Executive - Enterprise Germany ,Stripe,Germany ,https://stripe.com/jobs/search?gh_jid=7539429,,Greenhouse,,
"Account Executive, Enterprise (Hunter)",Stripe,Paris,https://stripe.com/jobs/search?gh_jid=7458833,,Greenhouse,,
"Account Executive, Enterprise (Hunter), Japan",Stripe,Tokyo,https://stripe.com/jobs/search?gh_jid=7528816,,Greenhouse,,
Account Executive - Enterprise Hunter (UK),Stripe,London,https://stripe.com/jobs/search?gh_jid=7451368,,Greenhouse,,
"Account Executive, Enterprise Lifecycle (Northern Europe)",Stripe,Amsterdam or Stockholm or Dublin,https://stripe.com/jobs/search?gh_jid=7442963,,Greenhouse,,
"Account Executive, Enterprise (New Business) ",Stripe,US-New York,https://stripe.com/jobs/search?gh_jid=6755526,,Greenhouse,,
"Account Executive, Enterprise - Public Sector (New Business) ",Stripe,"US-Chicago, US-San Francisco, US-New York, US-Remote ",https://stripe.com/jobs/search?gh_jid=7430232,,Greenhouse,,
"Account Executive, Enterprise (Sao Paulo, Brazil)",Stripe,"Sao Paulo, Brazil",https://stripe.com/jobs/search?gh_jid=7108249,,Greenhouse,,
"Account Executive, Existing Business - Funded Startups (German Speaking)",Stripe,Dublin,https://stripe.com/jobs/search?gh_jid=7353253,,Greenhouse,,
"Account Executive, Existing Business, Iberia ",Stripe,Dublin,https://stripe.com/jobs/search?gh_jid=7553751,,Greenhouse,,
"Account Executive, Funded Startups",Stripe,Dublin,https://stripe.com/jobs/search?gh_jid=7396862,,Greenhouse,,
"Account Executive, Funded Startups",Stripe,"New York, San Francisco",https://stripe.com/jobs/search?gh_jid=7107949,,Greenhouse,,
"Account Executive, Funded Startups (Existing Business)",Stripe,"New York, San Fransisco",https://stripe.com/jobs/search?gh_jid=7517265,,Greenhouse,,
"Account Executive, Italy",Stripe,Milan,https://stripe.com/jobs/search?gh_jid=7483724,,Greenhouse,,
"Account Executive, Marketplace ",Stripe,London,https://stripe.com/jobs/search?gh_jid=7542218,,Greenhouse,,
"Account Executive, Mid-Market - Existing Business",Stripe,"Dublin, London",https://stripe.com/jobs/search?gh_jid=7483552,,Greenhouse,,
"Account Executive, Mid-Market - Existing Business (French-speaking)",Stripe,Dublin/Paris,https://stripe.com/jobs/search?gh_jid=7538123,,Greenhouse,,
"Account Executive, New Business, France ",Stripe,Dublin,https://stripe.com/jobs/search?gh_jid=7242090,,Greenhouse,,
Account Executive - New Business - Iberia & Italy,Stripe,Dublin ,https://stripe.com/jobs/search?gh_jid=7463489,,Greenhouse,,
"Account Executive, New Business - Nordics",Stripe,Dublin,https://stripe.com/jobs/search?gh_jid=7462487,,Greenhouse,,
Account Executive (New Business - Portuguese Market),Stripe,"Madrid, Spain",https://stripe.com/jobs/search?gh_jid=7554928,,Greenhouse,,
"Account Executive, Nordics - Startups",Stripe,Dublin,https://stripe.com/jobs/search?gh_jid=7423973,,Greenhouse,,
"Account Executive, Platforms (Existing Business)",Stripe,US-SF-HQ,https://stripe.com/jobs/search?gh_jid=7576967,,Greenhouse,,
"Account Executive, Platforms (Existing Business)",Stripe,"Sydney, Australia",https://stripe.com/jobs/search?gh_jid=7456957,,Greenhouse,,
"Account Executive, Platforms (French Speaking)",Stripe,Dublin,https://stripe.com/jobs/search?gh_jid=7353623,,Greenhouse,,
"Account Executive, Platforms  (German-speaking)",Stripe,Berlin,https://stripe.com/jobs/search?gh_jid=7458835,,Greenhouse,,
"Account Executive, Platforms (Grower)",Stripe,Paris,https://stripe.com/jobs/search?gh_jid=7446841,,Greenhouse,,
"Account Executive, Platforms (Grower)",Stripe,London,https://stripe.com/jobs/search?gh_jid=7459450,,Greenhouse,,
"Account Executive, Platforms (Grower)",Stripe,"US-SF, US-NYC",https://stripe.com/jobs/search?gh_jid=7577015,,Greenhouse,,
"Account Executive, Platforms (New Business)",Stripe,Chicago,https://stripe.com/jobs/search?gh_jid=7218796,,Greenhouse,,
"Account Executive, Platforms - Strategics",Stripe,"SF, NYC",https://stripe.com/jobs/search?gh_jid=7604080,,Greenhouse,,
"Account Executive, Platforms (Strategics)",Stripe,"SF, NYC",https://stripe.com/jobs/search?gh_jid=7217288,,Greenhouse,,
"Account Executive, Product - BNPLs",Stripe,Dublin / London,https://stripe.com/jobs/search?gh_jid=7541092,,Greenhouse,,
"Account Executive, Product - BNPLs",Stripe,Dublin / London,https://stripe.com/jobs/search?gh_jid=7536063,,Greenhouse,,
Accounts Receivable Associate ,GitLab,"Remote, Ireland; Remote, United Kingdom",https://job-boards.greenhouse.io/gitlab/jobs/8391788002,,Greenhouse,,
Assigned Support Engineer (AMER),GitLab,"Remote, Canada; Remote, US",https://job-boards.greenhouse.io/gitlab/jobs/8287957002,,Greenhouse,,
Associate Support Engineer (AMER - PST / MST),GitLab,"Remote, US",https://job-boards.greenhouse.io/gitlab/jobs/8231973002,,Greenhouse,,
"Backend Engineer, Database Excellence (Ruby)",GitLab,"Remote, Canada; Remote, US",https://job-boards.greenhouse.io/gitlab/jobs/8395142002,,Greenhouse,,
"Business Development Representative, Dutch Speaking   ",GitLab,"Remote, EMEA",https://job-boards.greenhouse.io/gitlab/jobs/8308694002,,Greenhouse,,
"Business Systems Analyst, Marketing",GitLab,"Remote, EMEA",https://job-boards.greenhouse.io/gitlab/jobs/8414310002,,Greenhouse,,
Commercial Account Executive - Czech,GitLab,"Remote, EMEA; Remote, Germany; Remote, Netherlands; Remote, United Kingdom",https://job-boards.greenhouse.io/gitlab/jobs/8321167002,,Greenhouse,,
"Commercial Account Executive - Mid Market, DACH",GitLab,"Remote, Germany",https://job-boards.greenhouse.io/gitlab/jobs/8144204002,,Greenhouse,,
"Commercial Account Executive - Mid-Market, East",GitLab,"Remote, US",https://job-boards.greenhouse.io/gitlab/jobs/8405801002,,Greenhouse,,
"Commercial Account Executive - Mid Market, EGC ",GitLab,"Remote, Ireland",https://job-boards.greenhouse.io/gitlab/jobs/8420644002,,Greenhouse,,
"Commercial Account Executive - Mid Market, EGC ",GitLab,"Remote, United Kingdom",https://job-boards.greenhouse.io/gitlab/jobs/8413337002,,Greenhouse,,
"Commercial Account Executive - Mid Market, EGC ",GitLab,"Remote, Germany",https://job-boards.greenhouse.io/gitlab/jobs/8420646002,,Greenhouse,,
"Commercial Account Executive - Mid Market, EGC ",GitLab,"Remote, Netherlands",https://job-boards.greenhouse.io/gitlab/jobs/8420652002,,Greenhouse,,
"Commercial Account Executive - Mid Market, EGC ",GitLab,"Remote, France",https://job-boards.greenhouse.io/gitlab/jobs/8420645002,,Greenhouse,,
"Commercial Account Executive - Mid Market, Nordics",GitLab,"Remote, Sweden",https://job-boards.greenhouse.io/gitlab/jobs/8109723002,,Greenhouse,,
"Commercial Account Executive,  Mid Market - SEA",GitLab,"Remote, Singapore",https://job-boards.greenhouse.io/gitlab/jobs/8400796002,,Greenhouse,,
"Commercial Account Executive - Mid-Market, West",GitLab,"Remote, US",https://job-boards.greenhouse.io/gitlab/jobs/8378560002,,Greenhouse,,
CPQ Developer ,GitLab,"Remote, US",https://job-boards.greenhouse.io/gitlab/jobs/8401813002,,Greenhouse,,
"Customer Success Architect, EMEA",GitLab,"Remote, Germany; Remote, Ireland; Remote, United Kingdom",https://job-boards.greenhouse.io/gitlab/jobs/8404045002,,Greenhouse,,
Customer Success Engineer - APJ,GitLab,Remote,https://job-boards.greenhouse.io/gitlab/jobs/8415074002,,Greenhouse,,
"Customer Success Manager, DACH",GitLab,"Remote, Germany",https://job-boards.greenhouse.io/gitlab/jobs/8372429002,,Greenhouse,,
CX Platform Engineer ,GitLab,"Remote, Canada; Remote, US",https://job-boards.greenhouse.io/gitlab/jobs/8334773002,,Greenhouse,,
"CX Resource & Staffing Manager, APJ",GitLab,"Remote, Australia",https://job-boards.greenhouse.io/gitlab/jobs/8417565002,,Greenhouse,,
CX Strategy Manager,GitLab,"Remote, Canada; Remote, US",https://job-boards.greenhouse.io/gitlab/jobs/8389808002,,Greenhouse,,
Developer Relations Engineer,GitLab,"Remote, EMEA",https://job-boards.greenhouse.io/gitlab/jobs/8219920002,,Greenhouse,,
"Director, Business Analytics & Insights",GitLab,"Remote, US",https://job-boards.greenhouse.io/gitlab/jobs/8345879002,,Greenhouse,,
"Director Regional Sales, Alps",GitLab,Remote,https://job-boards.greenhouse.io/gitlab/jobs/8347186002,,Greenhouse,,
"Director, Regional Sales - East",GitLab,"Remote, US",https://job-boards.greenhouse.io/gitlab/jobs/8315400002,,Greenhouse,,
"Director Regional Sales, Italy",GitLab,"Remote, Italy",https://job-boards.greenhouse.io/gitlab/jobs/8326610002,,Greenhouse,,
"Director Regional Sales, MED",GitLab,"Remote, Europe",https://job-boards.greenhouse.io/gitlab/jobs/8331359002,,Greenhouse,,
"Director, Regional Sales - New Business - DACH / France",GitLab,Remote,https://job-boards.greenhouse.io/gitlab/jobs/8374796002,,Greenhouse,,
"Director, Regional Sales - PubSec, Civilian",GitLab,"Remote, US",https://job-boards.greenhouse.io/gitlab/jobs/8346352002,,Greenhouse,,
"Director, Regional Sales - West",GitLab,"Remote, US",https://job-boards.greenhouse.io/gitlab/jobs/8409028002,,Greenhouse,,
Ecosystem Sales Manager  ,GitLab,"Remote, Canada; Remote, US",https://job-boards.greenhouse.io/gitlab/jobs/8347903002,,Greenhouse,,
Ecosystem Sales Manager - Brazil,GitLab,"Remote, Brazil",https://job-boards.greenhouse.io/gitlab/jobs/8345734002,,Greenhouse,,
Ecosystem Sales Manager - Scale  ,GitLab,"Remote, Canada; Remote, US",https://job-boards.greenhouse.io/gitlab/jobs/8359992002,,Greenhouse,,
Enablement Data and Reporting Analyst - US Remote,GitLab,"Remote, US",https://job-boards.greenhouse.io/gitlab/jobs/8369681002,,Greenhouse,,
"Enablement Specialist, Ecosystem ",GitLab,"Remote, US",https://job-boards.greenhouse.io/gitlab/jobs/8379362002,,Greenhouse,,
"Enablement Specialist, New Business  ",GitLab,"Remote, US",https://job-boards.greenhouse.io/gitlab/jobs/8414862002,,Greenhouse,,
"Engineering Manager, Cloud Capacity, SaaS Production Engineering",GitLab,"Remote, APAC",https://job-boards.greenhouse.io/gitlab/jobs/8358827002,,Greenhouse,,
"Engineering Manager, Create:Source Code",GitLab,"Remote, Americas",https://job-boards.greenhouse.io/gitlab/jobs/8366115002,,Greenhouse,,
"Engineering Manager, Database Reliability, Scalability & Operations",GitLab,"Remote, Canada; Remote, US",https://job-boards.greenhouse.io/gitlab/jobs/8293419002,,Greenhouse,,
"Engineering Manager, Gitlab Delivery",GitLab,"Remote, Canada; Remote, EMEA",https://job-boards.greenhouse.io/gitlab/jobs/8331155002,,Greenhouse,,
"Engineering Manager, Infrastructure Platforms",GitLab,"Remote, Canada; Remote, France; Remote, Germany; Remote, Ireland; Remote, Israel; Remote, Netherlands; Remote, Spain; Remote, United Kingdom; Remote, US",https://job-boards.greenhouse.io/gitlab/jobs/8337454002,,Greenhouse,,
"Engineering Manager, Software Supply Chain Security: Auth Infrastructure",GitLab,"Remote, Canada; Remote, EMEA; Remote, US",https://job-boards.greenhouse.io/gitlab/jobs/8158501002,,Greenhouse,,
"Engineering Manager, Software Supply Chain Security: Pipeline Security ",GitLab,"Remote, Canada; Remote, Israel; Remote, Netherlands; Remote, United Kingdom; Remote, US",https://job-boards.greenhouse.io/gitlab/jobs/8339221002,,Greenhouse,,
"Executive Business Administrator, People",GitLab,"Remote; Remote, Canada; Remote, US",https://job-boards.greenhouse.io/gitlab/jobs/8382631002,,Greenhouse,,
"FP&A Analyst, Marketing",GitLab,"Remote, Canada; Remote, US",https://job-boards.greenhouse.io/gitlab/jobs/8393662002,,Greenhouse,,
GTM Planning & Operations Analyst,GitLab,"Remote, US",https://job-boards.greenhouse.io/gitlab/jobs/8394265002,,Greenhouse,,
IBM Ecosystem Sales Manager ,GitLab,"Remote, Canada; Remote, US",https://job-boards.greenhouse.io/gitlab/jobs/8347847002,,Greenhouse,,
Accountant,Coinbase,Remote - Cyprus,https://www.coinbase.com/careers/positions/7559052?gh_jid=7559052,,Greenhouse,,
"Accountant, Prime Financing",Coinbase,Remote - USA,https://www.coinbase.com/careers/positions/7532645?gh_jid=7532645,,Greenhouse,,
Accounting Intern,Coinbase,"Hybrid - New York, NY",https://www.coinbase.com/careers/positions/7404504?gh_jid=7404504,,Greenhouse,,
"Accounting Manager, Canada CIRO",Coinbase,Remote - Canada,https://www.coinbase.com/careers/positions/7528144?gh_jid=7528144,,Greenhouse,,
"Accounting Manager, Global GL Operations",Coinbase,Remote - Canada,https://www.coinbase.com/careers/positions/7453742?gh_jid=7453742,,Greenhouse,,
"Accounting Manager, India Exchange",Coinbase,Remote - India,https://www.coinbase.com/careers/positions/7526890?gh_jid=7526890,,Greenhouse,,
"Associate Manager, Billing Operations & Strategy",Coinbase,Remote - USA,https://www.coinbase.com/careers/positions/7386397?gh_jid=7386397,,Greenhouse,,
"Associate Manager, Compliance",Coinbase,"Charlotte, NC",https://www.coinbase.com/careers/positions/7530570?gh_jid=7530570,,Greenhouse,,
"Associate Manager, Compliance",Coinbase,"London, UK",https://www.coinbase.com/careers/positions/6994022?gh_jid=6994022,,Greenhouse,,
"Associate Manager, Compliance",Coinbase,"Hyderabad, India",https://www.coinbase.com/careers/positions/7309638?gh_jid=7309638,,Greenhouse,,
"Associate Manager, Compliance",Coinbase,Remote - USA,https://www.coinbase.com/careers/positions/6675524?gh_jid=6675524,,Greenhouse,,
"Associate Manager, EDD Compliance",Coinbase,"Charlotte, NC",https://www.coinbase.com/careers/positions/6984450?gh_jid=6984450,,Greenhouse,,
"Associate Manager, Quality Compliance",Coinbase,"Charlotte, NC",https://www.coinbase.com/careers/positions/7394927?gh_jid=7394927,,Greenhouse,,
"Associate Manager, Tax Information Reporting and Withholding",Coinbase,Remote - USA,https://www.coinbase.com/careers/positions/7612876?gh_jid=7612876,,Greenhouse,,
"Associate Manager, Transaction Monitoring Compliance",Coinbase,"Charlotte, NC",https://www.coinbase.com/careers/positions/6984453?gh_jid=6984453,,Greenhouse,,
Associate Product Manager Intern,Coinbase,"Hybrid - San Francisco, CA",https://www.coinbase.com/careers/positions/7269743?gh_jid=7269743,,Greenhouse,,
Base Ecosystem Product Marketing Manager,Coinbase,Remote - USA,https://www.coinbase.com/careers/positions/7592751?gh_jid=7592751,,Greenhouse,,
Business Controller Intern,Coinbase,"Hybrid - New York, NY",https://www.coinbase.com/careers/positions/7434684?gh_jid=7434684,,Greenhouse,,
"Business Operations Senior Associate / Manager, Platform",Coinbase,Remote - USA,https://www.coinbase.com/careers/positions/7087061?gh_jid=7087061,,Greenhouse,,
CaaS Sales Manager,Coinbase,Remote - USA,https://www.coinbase.com/careers/positions/7332723?gh_jid=7332723,,Greenhouse,,
"Capital Formation, Coinbase Asset Management",Coinbase,"New York City, NY",https://www.coinbase.com/careers/positions/6669415?gh_jid=6669415,,Greenhouse,,
"CCO & MLRO, Bermuda",Coinbase,Remote - Bermuda; Remote - Ireland; Remote - UK; Remote - USA,https://www.coinbase.com/careers/positions/7609636?gh_jid=7609636,,Greenhouse,,
Chief of Staff to the COO,Coinbase,Remote - USA,https://www.coinbase.com/careers/positions/7298274?gh_jid=7298274,,Greenhouse,,
"Coinbase Ventures, Principal",Coinbase,Remote - USA,https://www.coinbase.com/careers/positions/6698952?gh_jid=6698952,,Greenhouse,,
"Communications Generalist, Base",Coinbase,Remote - USA,https://www.coinbase.com/careers/positions/7435009?gh_jid=7435009,,Greenhouse,,
Complaints Analyst III - French Speaking,Coinbase,Remote - Luxembourg,https://www.coinbase.com/careers/positions/7182062?gh_jid=7182062,,Greenhouse,,
Complaints Quality Control Analyst III,Coinbase,"Dublin, Ireland",https://www.coinbase.com/careers/positions/7407956?gh_jid=7407956,,Greenhouse,,
Compliance Lead Analyst,Coinbase,Remote - USA,https://www.coinbase.com/careers/positions/7309500?gh_jid=7309500,,Greenhouse,,
Compliance Lead Analyst,Coinbase,Remote - USA,https://www.coinbase.com/careers/positions/7134498?gh_jid=7134498,,Greenhouse,,
Compliance Manager,Coinbase,Hybrid - Luxembourg,https://www.coinbase.com/careers/positions/7371239?gh_jid=7371239,,Greenhouse,,
Compliance QA Analyst II,Coinbase,Remote - India,https://www.coinbase.com/careers/positions/7548256?gh_jid=7548256,,Greenhouse,,
Consumer L&D SME Trainer Lead Analyst,Coinbase,Remote - USA,https://www.coinbase.com/careers/positions/7616000?gh_jid=7616000,,Greenhouse,,
Consumer L&D SME Trainer Lead Analyst,Coinbase,"Hyderabad, India",https://www.coinbase.com/careers/positions/7422271?gh_jid=7422271,,Greenhouse,,
"Counsel, Commercial (Institutional Legal)",Coinbase,Remote - UK,https://www.coinbase.com/careers/positions/7602261?gh_jid=7602261,,Greenhouse,,
"Counsel, Commercial (Institutional Legal)",Coinbase,Remote - USA,https://www.coinbase.com/careers/positions/7573207?gh_jid=7573207,,Greenhouse,,
"Counsel, Marketing",Coinbase,Remote - USA,https://www.coinbase.com/careers/positions/7550873?gh_jid=7550873,,Greenhouse,,
"Counsel, Strategic Response Legal",Coinbase,Remote - USA,https://www.coinbase.com/careers/positions/7595311?gh_jid=7595311,,Greenhouse,,
"Country Director, Canada",Coinbase,Remote - Canada,https://www.coinbase.com/careers/positions/7516016?gh_jid=7516016,,Greenhouse,,
"Country Director, India",Coinbase,Remote - India,https://www.coinbase.com/careers/positions/7606826?gh_jid=7606826,,Greenhouse,,
"CRM and Lifecycle Manager, New Product Growth",Coinbase,Remote - USA,https://www.coinbase.com/careers/positions/7586044?gh_jid=7586044,,Greenhouse,,
Customer Success Specialist,Coinbase,"Charlotte, NC",https://www.coinbase.com/careers/positions/7551492?gh_jid=7551492,,Greenhouse,,
Customer Support Supervisor,Coinbase,"Hyderabad, India",https://www.coinbase.com/careers/positions/7277767?gh_jid=7277767,,Greenhouse,,
Data Scientist II - Consumer,Coinbase,Remote - USA,https://www.coinbase.com/careers/positions/7583657?gh_jid=7583657,,Greenhouse,,
Data Scientist II - Institutional,Coinbase,Remote - USA,https://www.coinbase.com/careers/positions/7583647?gh_jid=7583647,,Greenhouse,,
Data Scientist II - Platform,Coinbase,Remote - USA,https://www.coinbase.com/careers/positions/6679661?gh_jid=6679661,,Greenhouse,,
Data Scientist II - Product Analytics,Coinbase,Remote - UK,https://www.coinbase.com/careers/positions/6746202?gh_jid=6746202,,Greenhouse,,
Derivatives Sales Manager,Coinbase,Remote - India,https://www.coinbase.com/careers/positions/7315304?gh_jid=7315304,,Greenhouse,,
"Director of Engineering, Custody",Coinbase,Remote - USA,https://www.coinbase.com/careers/positions/7483990?gh_jid=7483990,,Greenhouse,,
Director of Product  - Growth,Coinbase,Remote - Canada,https://www.coinbase.com/careers/positions/7392430?gh_jid=7392430,,Greenhouse,,
Director of Product  - Growth,Coinbase,Remote - USA,https://www.coinbase.com/careers/positions/7361764?gh_jid=7361764,,Greenhouse,,
